{
  "generation_rewards": [
    13.282,
    10.246,
    7.728,
    8.128,
    6.986,
    7.986,
    7.644,
    12.540000000000001,
    7.786,
    5.868,
    9.704,
    5.868,
    9.846,
    6.526000000000001,
    5.726000000000001,
    4.5840000000000005,
    8.186,
    6.468000000000001,
    9.504000000000001,
    6.468000000000001
  ],
  "generation_success_rates": [
    0.8,
    0.4,
    0.2,
    0.2,
    0.2,
    0.2,
    0.2,
    0.8,
    0.2,
    0.0,
    0.4,
    0.0,
    0.4,
    0.0,
    0.0,
    0.0,
    0.2,
    0.0,
    0.4,
    0.0
  ],
  "generation_episode_lengths": [
    27.6,
    41.6,
    44.4,
    48.0,
    39.8,
    44.6,
    38.8,
    39.2,
    39.8,
    46.0,
    40.4,
    46.0,
    47.4,
    42.0,
    42.0,
    38.0,
    41.6,
    46.0,
    36.6,
    46.0
  ],
  "episode_rewards": [
    15.0,
    15.0,
    15.0,
    15.0,
    6.41,
    6.41,
    15.0,
    8.41,
    15.0,
    6.41,
    7.41,
    15.0,
    6.41,
    5.41,
    4.41,
    6.41,
    7.41,
    15.0,
    5.41,
    6.41,
    15.0,
    5.41,
    4.41,
    3.7,
    6.41,
    8.41,
    15.0,
    7.41,
    3.7,
    5.41,
    3.7,
    15.0,
    3.7,
    9.41,
    6.41,
    2.7,
    15.0,
    15.0,
    15.0,
    15.0,
    7.41,
    4.7,
    15.0,
    6.41,
    5.41,
    3.7,
    8.41,
    7.41,
    4.41,
    5.41,
    5.7,
    15.0,
    6.41,
    6.41,
    15.0,
    2.7,
    6.41,
    7.41,
    6.41,
    6.41,
    8.41,
    4.41,
    6.41,
    15.0,
    15.0,
    8.41,
    5.7,
    3.7,
    5.41,
    9.41,
    3.7,
    7.41,
    5.7,
    5.41,
    6.41,
    7.41,
    5.41,
    3.7,
    3.7,
    2.7,
    7.41,
    6.41,
    15.0,
    5.7,
    6.41,
    5.7,
    7.41,
    4.41,
    6.41,
    8.41,
    4.41,
    5.7,
    15.0,
    15.0,
    7.41,
    3.7,
    8.41,
    9.41,
    4.41,
    6.41
  ],
  "episode_success": [
    true,
    true,
    true,
    true,
    false,
    false,
    true,
    false,
    true,
    false,
    false,
    true,
    false,
    false,
    false,
    false,
    false,
    true,
    false,
    false,
    true,
    false,
    false,
    false,
    false,
    false,
    true,
    false,
    false,
    false,
    false,
    true,
    false,
    false,
    false,
    false,
    true,
    true,
    true,
    true,
    false,
    false,
    true,
    false,
    false,
    false,
    false,
    false,
    false,
    false,
    false,
    true,
    false,
    false,
    true,
    false,
    false,
    false,
    false,
    false,
    false,
    false,
    false,
    true,
    true,
    false,
    false,
    false,
    false,
    false,
    false,
    false,
    false,
    false,
    false,
    false,
    false,
    false,
    false,
    false,
    false,
    false,
    true,
    false,
    false,
    false,
    false,
    false,
    false,
    false,
    false,
    false,
    true,
    true,
    false,
    false,
    false,
    false,
    false,
    false
  ],
  "episode_lengths": [
    19,
    37,
    12,
    20,
    50,
    50,
    29,
    50,
    29,
    50,
    50,
    22,
    50,
    50,
    50,
    50,
    50,
    40,
    50,
    50,
    19,
    50,
    50,
    30,
    50,
    50,
    43,
    50,
    30,
    50,
    30,
    34,
    30,
    50,
    50,
    30,
    27,
    50,
    46,
    43,
    50,
    30,
    19,
    50,
    50,
    30,
    50,
    50,
    50,
    50,
    30,
    46,
    50,
    50,
    26,
    30,
    50,
    50,
    50,
    50,
    50,
    50,
    50,
    45,
    42,
    50,
    30,
    30,
    50,
    50,
    30,
    50,
    30,
    50,
    50,
    50,
    50,
    30,
    30,
    30,
    50,
    50,
    28,
    30,
    50,
    30,
    50,
    50,
    50,
    50,
    50,
    30,
    16,
    37,
    50,
    30,
    50,
    50,
    50,
    50
  ],
  "task_distribution": {
    "time_limit_001": 22,
    "reach_goal_001": 18,
    "avoid_obstacles_001": 19,
    "exploration_001": 26,
    "collect_items_001": 15
  },
  "task_success_rates": {
    "time_limit_001": 0.09090909090909091,
    "reach_goal_001": 0.2222222222222222,
    "avoid_obstacles_001": 0.3157894736842105,
    "exploration_001": 0.19230769230769232,
    "collect_items_001": 0.4
  },
  "summary": {
    "total_episodes": 100,
    "total_generations": 20,
    "overall_success_rate": 0.23,
    "overall_avg_reward": 8.053699999999997,
    "overall_avg_length": 41.79,
    "reward_std": 4.062798704095491,
    "best_episode_reward": 15.0,
    "worst_episode_reward": 2.7,
    "most_common_task": "exploration_001",
    "task_count": 5,
    "best_task": "collect_items_001",
    "hardest_task": "time_limit_001"
  }
}